file_name,genre,chroma_stft_mean,chroma_stft_dev,spectral_centroid_mean,spectral_centroid_dev,spectral_rolloff_mean,spectral_rolloff_dev,rms_mean,rms_dev,zero_crossing_rate_mean,zero_crossing_rate_dev
rock.00000.wav,rock,0.3874330222606659,0.293157160282135,1996.329188697747,503.38118865999485,4227.868737311485,1127.3567574504007,0.12909233570098877,0.07198077440261841,0.09022025147428461,0.04046000345407565
rock.00001.wav,rock,0.3654044270515442,0.3034682869911194,1529.2908080956652,476.2720553719319,3271.448122099768,1166.8449911999423,0.18037240207195282,0.07014010101556778,0.05495977438611756,0.029164539268834208
rock.00002.wav,rock,0.4367804229259491,0.2942517399787903,1875.1802164622393,685.0063251075536,3929.4931504676624,1428.534712186751,0.14856810867786407,0.08094920963048935,0.07680441258217324,0.04752390089014702
rock.00003.wav,rock,0.38011258840560913,0.31364452838897705,1421.3550411262565,654.3505841671644,3042.7015547962587,1591.4651893144517,0.15122105181217194,0.06312146782875061,0.0430986562258314,0.030639131380977264
rock.00004.wav,rock,0.37182295322418213,0.29781636595726013,1345.841383418405,690.1721852814925,2939.1573239921695,1597.3265301184183,0.20865632593631744,0.042684607207775116,0.04107944520978345,0.03642051380875382
rock.00005.wav,rock,0.376757949590683,0.2862013280391693,1542.1092953993345,335.8153368120643,2869.7864364305397,799.6598303605082,0.20371320843696594,0.0556405633687973,0.07702117471481051,0.017860639125531833
rock.00006.wav,rock,0.34448423981666565,0.29670771956443787,1676.1460477207688,458.08685788584273,3255.327363689095,855.5032580031993,0.18003524839878082,0.059844791889190674,0.08730529171500387,0.03639213812647822
rock.00007.wav,rock,0.3591254949569702,0.2961917221546173,1282.1973339054578,547.4711510259433,2675.912666763341,1274.2020067811104,0.15702089667320251,0.060306329280138016,0.047179750942575406,0.032241479402357935
rock.00008.wav,rock,0.40886399149894714,0.28637921810150146,1717.0993092104313,217.23254424619495,3362.1523686738688,658.7252674746646,0.2607937455177307,0.03034985065460205,0.08495074137180975,0.01761477207052655
rock.00009.wav,rock,0.3762047290802002,0.3040977120399475,1181.326607089661,524.7268979046838,2367.3450301805397,1443.3055049033849,0.12818020582199097,0.06161055713891983,0.04253295992846094,0.01972438059312386
rock.00010.wav,rock,0.39827147126197815,0.29628267884254456,1857.97259864943,616.4082835968242,4191.671972429669,1284.05125640111,0.15342064201831818,0.05188590660691261,0.07170823665893271,0.04233600606394654
rock.00011.wav,rock,0.3433035910129547,0.29806089401245117,1537.4684493421887,701.098582916742,3416.651523528132,1541.7903394207278,0.1233552023768425,0.03074798546731472,0.05433025787896365,0.04009621921106948
rock.00012.wav,rock,0.3389485776424408,0.31362104415893555,1863.7644718857396,901.3934292829662,3986.232224749855,1652.8709737033425,0.07587265968322754,0.03611886873841286,0.0682249371616396,0.05651563005866601
rock.00013.wav,rock,0.4402516186237335,0.3044264018535614,1597.5180157344764,839.4800647705173,3826.665027733469,2134.0813688494377,0.1336696296930313,0.04421883076429367,0.04610991275135344,0.038465374517111496
rock.00014.wav,rock,0.3808172941207886,0.3166354298591614,1937.0023676443107,958.4371631922663,3985.824209686775,1639.9915859936448,0.05359696224331856,0.033611100167036057,0.0835791733130317,0.07472205066302787
rock.00015.wav,rock,0.34380921721458435,0.30395546555519104,2335.5199316347857,1023.3555557500731,4500.064745414008,1705.6251087131377,0.08227476477622986,0.05566519498825073,0.11416000519624904,0.0806263981643807
rock.00016.wav,rock,0.46147575974464417,0.2813328206539154,2459.5208919140086,359.59028814434333,5024.347447795823,801.3383720677846,0.18441163003444672,0.03200332820415497,0.1428334058391338,0.03406077012470275
rock.00017.wav,rock,0.4189244508743286,0.2769595682621002,2312.0661578932613,398.2773167405942,4528.392648364994,901.6425502623582,0.16600236296653748,0.03476063162088394,0.14054758495262953,0.03407485862889208
rock.00018.wav,rock,0.48049280047416687,0.2805633246898651,2209.1820036909885,528.7265245380156,4593.891556246374,1123.541738987161,0.14066512882709503,0.046681296080350876,0.11578005667536737,0.050068798017978304
rock.00019.wav,rock,0.4358935058116913,0.27741560339927673,2321.1497598885144,404.2523688471277,4701.357727758846,882.3435733917324,0.1122041791677475,0.03820866718888283,0.12819063285479504,0.04336429884834737
rock.00020.wav,rock,0.3980133831501007,0.28398871421813965,2188.057530674935,565.3932469693273,4431.917903041618,1178.8922313952608,0.15243913233280182,0.04513799771666527,0.11753303545533643,0.050773684937349246
rock.00021.wav,rock,0.39292189478874207,0.2826590836048126,2158.1594853409792,499.3514914536586,4245.813073248985,961.4996060834129,0.16144804656505585,0.050403229892253876,0.121568436412413,0.05364793688115499
rock.00022.wav,rock,0.41583454608917236,0.28089141845703125,2342.4462721453447,506.70878003381966,4595.4403481184745,1011.2525119737145,0.17379270493984222,0.047585178166627884,0.13844302856728538,0.04710590538425414
rock.00023.wav,rock,0.2942795753479004,0.28732699155807495,2294.7279252035287,627.9577152773581,4847.935057460847,1294.6822165100525,0.13569559156894684,0.04090359807014465,0.11556707088650425,0.0486631992392616
rock.00024.wav,rock,0.4051322340965271,0.2754954695701599,2320.3950808692307,344.2371831694862,4466.440973481003,694.8941798294044,0.15654169023036957,0.04016647860407829,0.14343044578982986,0.04481970165103984
rock.00025.wav,rock,0.41512855887413025,0.28252649307250977,2510.07314252411,379.85557893366024,4735.123055938225,838.8356619748921,0.14910750091075897,0.03924199193716049,0.15782813406322505,0.043849583645157224
rock.00026.wav,rock,0.3833230435848236,0.2836088240146637,2263.2031093260816,480.7389883611038,4603.001117042489,966.6881184341024,0.15266521275043488,0.03432305157184601,0.12290601737722351,0.04640366229297769
rock.00027.wav,rock,0.4025210738182068,0.29779142141342163,2669.3593345236,677.9194859077227,5445.8670695868805,1169.7526510441307,0.07916758209466934,0.01575515978038311,0.13342209570917182,0.06750774555913243
rock.00028.wav,rock,0.44281670451164246,0.282316118478775,2046.8578301908997,594.7405252897545,4095.472012761021,1269.6510471629656,0.13878995180130005,0.02966812066733837,0.10197110039636505,0.03675445185307431
rock.00029.wav,rock,0.41854023933410645,0.28728973865509033,2445.1189674157067,610.0213542518625,5173.572711988834,1104.6006484334582,0.18004454672336578,0.035071179270744324,0.11150145917923433,0.0476299057779746
rock.00030.wav,rock,0.3902108669281006,0.2917780578136444,2944.617225098909,850.8454853486917,6333.584516839473,1089.3137101972598,0.09646939486265182,0.02231290005147457,0.11491716212296983,0.06064580183398671
rock.00031.wav,rock,0.3692198097705841,0.2958207428455353,2639.1039096273103,779.0710362234396,5302.99675536543,1612.5006736548517,0.1261473447084427,0.05552510544657707,0.1324454393851508,0.05608625218334684
rock.00032.wav,rock,0.38331517577171326,0.2950064539909363,2344.5259235128556,523.8021107220442,4728.642093571088,1084.839319705901,0.22182516753673553,0.04933152720332146,0.11589709565839694,0.040828901429376056
rock.00033.wav,rock,0.3234727382659912,0.2949928641319275,1674.1340437310519,489.8611087468301,3431.789715052204,1244.1050101547141,0.1278773546218872,0.037271250039339066,0.07487394564481825,0.026561682334082945
rock.00034.wav,rock,0.42131665349006653,0.2806364893913269,2788.3693356571966,530.819242150116,5832.197276824111,1114.6774386248667,0.19099241495132446,0.027903083711862564,0.13492539898700306,0.038860674471967026
rock.00035.wav,rock,0.45727860927581787,0.28175362944602966,1867.4143288199461,631.1032519234034,4271.110007159948,1713.9997138894864,0.12408982962369919,0.02147594280540943,0.05698049593967518,0.025085006240558923
rock.00036.wav,rock,0.42793378233909607,0.27772265672683716,2850.236430403512,637.6226594294382,5897.606074892241,1304.8646936938062,0.21626079082489014,0.03809292986989021,0.14704748862547892,0.04949067698784796
rock.00037.wav,rock,0.4517733156681061,0.27036041021347046,2626.8195142103973,638.0081308874303,5047.29621338457,1360.0667431938582,0.11334493011236191,0.031353410333395004,0.14627101157675948,0.04933785778448376
rock.00038.wav,rock,0.41147807240486145,0.2909008860588074,2794.963091628599,580.9920544756736,5862.422884064193,1252.8743645576649,0.21929600834846497,0.06543529033660889,0.14055017052051083,0.059517006653526716
rock.00039.wav,rock,0.44263648986816406,0.26968005299568176,2559.166384767367,487.0315919102324,5447.017745794664,1360.7118623701372,0.14428338408470154,0.03840642794966698,0.12275949523878577,0.037197212924185506
rock.00040.wav,rock,0.41613200306892395,0.2962851822376251,3010.0558252943074,659.6222728671644,6131.283987093968,1337.3390818728753,0.14285209774971008,0.05610453709959984,0.14475178847641146,0.05886962056048735
rock.00041.wav,rock,0.40218621492385864,0.28280210494995117,2806.872615958848,659.9665777941101,5677.17987556192,1360.9898670324644,0.16064424812793732,0.045283835381269455,0.14835555334010053,0.05751837791739184
rock.00042.wav,rock,0.4445849359035492,0.283448725938797,2794.8199158537072,781.809147370248,5878.15643806192,1655.785782743259,0.11890992522239685,0.04418681189417839,0.13765528325599383,0.06525662228060088
rock.00043.wav,rock,0.4202274978160858,0.29699698090553284,2739.501165243808,639.2518723588494,5326.7365705662705,1409.3463463736132,0.13980498909950256,0.05829405039548874,0.14395686811194897,0.05158246733475849
rock.00044.wav,rock,0.3114742338657379,0.28841978311538696,1651.7562246177304,502.10561752242404,3455.7460280416185,1543.173040262051,0.14430736005306244,0.03513465076684952,0.06890203560034802,0.02261484607695758
rock.00045.wav,rock,0.36128634214401245,0.2874281406402588,1561.4111067130552,300.76656584576176,3243.286755909223,531.3025759282812,0.09696266800165176,0.028596771880984306,0.07895466272718484,0.02850543833305413
rock.00046.wav,rock,0.36140596866607666,0.28644707798957825,2429.0679000761247,665.802253719412,5035.572025449536,1654.421666990965,0.12061557173728943,0.0370001383125782,0.11818445475638051,0.04095842688323773
rock.00047.wav,rock,0.46141502261161804,0.2940312623977661,2997.8538382881115,738.4951293493648,5962.265828922564,1415.9164074394816,0.13890117406845093,0.04445821791887283,0.1562231879592034,0.07175993205279595
rock.00048.wav,rock,0.32166218757629395,0.2858744263648987,1646.6359257324248,343.75578786680154,3184.299435361079,711.4380909146637,0.1455407440662384,0.0240041371434927,0.08525284887374324,0.027925137539404964
rock.00049.wav,rock,0.39640700817108154,0.2787700891494751,2078.0554239577727,1102.9168599802001,4496.092843677494,2578.515092744697,0.10098884999752045,0.04813062772154808,0.09133351761890951,0.054014966375062604
rock.00050.wav,rock,0.3945207893848419,0.2986176908016205,1721.1466519043972,837.154526770206,3811.3186652588456,1984.6835162287152,0.14119698107242584,0.07131482660770416,0.05330347000676721,0.038158472465968415
rock.00051.wav,rock,0.36864855885505676,0.29502198100090027,3031.127685864391,869.8286982189961,6732.748151102088,1313.1808960452404,0.16167403757572174,0.046794261783361435,0.12085810614849188,0.0763216641339398
rock.00052.wav,rock,0.34060147404670715,0.3114437162876129,2186.669241082053,1325.6162170630928,4462.893740483613,2663.9025500222183,0.11331169307231903,0.07459639757871628,0.08856659053557618,0.08178738748750577
rock.00053.wav,rock,0.4091790020465851,0.2737952172756195,3361.7679741880775,551.4949237779396,6920.343484900667,1009.8418328773291,0.19013606011867523,0.04346902295947075,0.18754758193155452,0.059722301733199444
rock.00054.wav,rock,0.3466227352619171,0.29413628578186035,2632.272033619275,979.2246399182592,5309.982972465922,1814.0622071671075,0.06544932723045349,0.025224879384040833,0.13240314433488012,0.08543022941799212
rock.00055.wav,rock,0.4316462278366089,0.27138420939445496,1712.2893709831192,521.862322978224,3618.4024819641822,1629.137117703011,0.14712148904800415,0.047981053590774536,0.06657807364172467,0.0191389263784612
rock.00056.wav,rock,0.48839208483695984,0.2691306173801422,3303.2031125307344,679.1581170649062,6717.260232381091,1118.5054754497626,0.17567987740039825,0.04535205662250519,0.17753347351121423,0.06829552377048889
rock.00057.wav,rock,0.3900989890098572,0.2896362245082855,3488.5019910192823,748.3300324930332,7659.9582185324825,1160.1219471139295,0.12258277088403702,0.03171892091631889,0.17507016446732404,0.06283237087633955
rock.00058.wav,rock,0.3010270595550537,0.2929394245147705,2438.175192954676,1003.0388766503463,5499.360249601218,2049.074385834646,0.08743781596422195,0.014167808927595615,0.09895493462393658,0.06519522182962924
rock.00059.wav,rock,0.339510977268219,0.2879522144794464,2424.519698838249,1069.9173489428895,5644.713534113979,2481.0212118453283,0.05117928981781006,0.01354786567389965,0.08653680575696056,0.05178573058884467
rock.00060.wav,rock,0.4055275321006775,0.28539595007896423,2796.584436106161,792.2423883862747,6203.061330843968,1882.2948040498013,0.10327489674091339,0.024491116404533386,0.13464402673047177,0.051103807059497505
rock.00061.wav,rock,0.29978907108306885,0.29273223876953125,2072.154517807153,894.9983371321937,4688.517743528857,2320.2841790144616,0.08831079304218292,0.02102380245923996,0.06905497752320186,0.0485652065257699
rock.00062.wav,rock,0.3196351230144501,0.30312007665634155,2946.6326071058666,1004.4232933713466,6983.236092481148,1801.2687144094962,0.06045633554458618,0.028136637061834335,0.10852154630703789,0.0671098426476763
rock.00063.wav,rock,0.3296390473842621,0.3060985803604126,1711.1692946901107,1238.5948121819415,3491.7013146207946,2882.4184892484836,0.05307672545313835,0.01911369524896145,0.05584948097931168,0.05294995267389693
rock.00064.wav,rock,0.37428590655326843,0.29111528396606445,2181.338268438534,394.48463918027,4689.725135042054,990.442207419378,0.10706774890422821,0.040641896426677704,0.10636978562451663,0.03836618368624855
rock.00065.wav,rock,0.3952954113483429,0.2842104434967041,2294.2297351535613,425.9841783504985,4730.226875181264,875.5875852640168,0.11465876549482346,0.03603854030370712,0.12909317901682135,0.03764917662288002
rock.00066.wav,rock,0.3602306544780731,0.29512879252433777,2209.486739749316,633.7828708143214,4575.022941288428,1310.4114606223607,0.042990002781152725,0.028770020231604576,0.10714657953886311,0.053090772915212144
rock.00067.wav,rock,0.39295336604118347,0.2908715307712555,2414.1618650276037,691.828851450365,5213.041924213312,1220.362859518605,0.10020051151514053,0.03929410129785538,0.11988569762664346,0.06037563204773181
rock.00068.wav,rock,0.4020199477672577,0.2875930070877075,2467.2607802086277,531.4582959804379,5402.8105627356435,888.5918700043026,0.09118249267339706,0.02357647381722927,0.11827508700696056,0.050484691168564036
rock.00069.wav,rock,0.3114761412143707,0.29698002338409424,2568.395445802274,777.4687762601117,5364.140726961282,1281.221918658944,0.04699748381972313,0.01652003452181816,0.13763375809648104,0.06488279742711028
rock.00070.wav,rock,0.367960125207901,0.2961624264717102,2511.714306230509,626.8318289305766,5129.615334070476,1070.4350114399817,0.05409475043416023,0.025421949103474617,0.13911899410286155,0.06007727117698705
rock.00071.wav,rock,0.4544842839241028,0.280119389295578,2025.0641305486586,467.7961832030673,4570.99275168576,1004.1609265708694,0.16095097362995148,0.05011738836765289,0.09080369658739366,0.03519294137999581
rock.00072.wav,rock,0.4035279452800751,0.2906354069709778,1933.3373461978688,649.9864817623094,4359.765851580626,1333.2022788450513,0.16540022194385529,0.04854452982544899,0.08170157518851508,0.051562069246626215
rock.00073.wav,rock,0.45848676562309265,0.2732481360435486,2223.969176505625,540.8717226801126,4917.48080862094,962.8725275195502,0.16926309466362,0.04648212343454361,0.11002037715100542,0.04937905966430148
rock.00074.wav,rock,0.394351065158844,0.29149141907691956,2140.28308737102,449.72228377176566,4831.456245015226,804.970736133947,0.15379856526851654,0.044356584548950195,0.09114092408642692,0.03194790962817796
rock.00075.wav,rock,0.4085221588611603,0.30101755261421204,2301.7700377608585,641.3796081286456,5092.044640915024,1102.5811449870648,0.1268710196018219,0.04222004488110542,0.11151731982308585,0.05657224961192819
rock.00076.wav,rock,0.34557589888572693,0.30561473965644836,1659.5913676702992,713.2413419068293,3580.332178527407,1368.3738994624475,0.1458146870136261,0.048102062195539474,0.07118068143368136,0.05413838257406436
rock.00077.wav,rock,0.4553977847099304,0.27834242582321167,2187.9366584276518,488.2847974875104,4993.8046059309745,1126.6662061973568,0.12868471443653107,0.043726690113544464,0.10623761359242073,0.04170275652983147
rock.00078.wav,rock,0.3579973876476288,0.30327001214027405,1877.9683471767146,721.7091887690963,4285.490456424014,1482.3992786672957,0.1443539708852768,0.045751407742500305,0.0717101248308198,0.057351497172871614
rock.00079.wav,rock,0.36006948351860046,0.28976330161094666,2148.4009185393675,503.61563924372405,4479.280957710992,989.2895567541069,0.11665952950716019,0.028093095868825912,0.10910574668890177,0.039266982096440875
rock.00080.wav,rock,0.3686046898365021,0.2874051332473755,2606.2611466468375,509.01359664934586,5339.318422817575,939.7217355089886,0.10433216392993927,0.0296552125364542,0.14967274204853054,0.04825837601759552
rock.00081.wav,rock,0.33565226197242737,0.2946949899196625,2553.6435090564128,599.7350658913217,5123.536742314385,1027.1445824191853,0.09362348169088364,0.03830346465110779,0.1361319061774942,0.059560332699679065
rock.00082.wav,rock,0.3826933801174164,0.2933703660964966,2975.773811493968,544.3238019058864,5926.5353669699825,822.1627844997003,0.09327006340026855,0.032120686024427414,0.1837123271945089,0.06420895637021196
rock.00083.wav,rock,0.378739595413208,0.28514325618743896,2116.1456021561394,435.11539039158697,4689.983267020737,907.1709897468187,0.10167808085680008,0.022777264937758446,0.09278892050947408,0.028483616812622386
rock.00084.wav,rock,0.35672423243522644,0.29848214983940125,2581.5076039009978,646.7045130368639,5390.361939892691,1071.6630255537982,0.1068243756890297,0.028042882680892944,0.1392005631283836,0.0643791092844762
rock.00085.wav,rock,0.32182320952415466,0.297708123922348,2255.8673982367045,729.3933192338387,4508.88286687935,1215.0734601960626,0.0629911944270134,0.02961331233382225,0.12097706097737819,0.06104791919235645
rock.00086.wav,rock,0.39104795455932617,0.29551392793655396,2521.225623798723,768.7589556015964,4830.540292832801,1248.426942459468,0.07624123245477676,0.04787713289260864,0.14628158533932714,0.07488976419080252
rock.00087.wav,rock,0.39299440383911133,0.2764013409614563,2334.5190611030093,336.22893667398114,4819.107544228538,840.4039946360267,0.1657380908727646,0.03208690881729126,0.12855316185711524,0.028130930065615643
rock.00088.wav,rock,0.40824466943740845,0.2984512746334076,2590.7815235555627,553.0550728948184,4889.452671838747,973.7968003308698,0.0895201787352562,0.03842678293585777,0.16172267739752513,0.06040726193785343
rock.00089.wav,rock,0.3434000313282013,0.2941955029964447,1609.7586945896003,591.0304087340808,3380.4464318082946,1223.925733616986,0.10520216077566147,0.03720522299408913,0.07325653760634183,0.0420891032892526
rock.00090.wav,rock,0.255673348903656,0.30100780725479126,2495.684155844957,523.0317193685092,5213.03359737529,728.3421237933919,0.15463757514953613,0.03854458034038544,0.12063605713457076,0.04208718227608746
rock.00091.wav,rock,0.4434630274772644,0.2640104293823242,2474.465349821513,508.0552153295752,4754.649491099913,1079.4042379317423,0.1082364171743393,0.01279289647936821,0.15013458889211137,0.042607674515801046
rock.00092.wav,rock,0.4165911376476288,0.27155715227127075,2471.4537522284268,329.6316356249039,4687.268717825551,676.902310944547,0.10686670243740082,0.014720574021339417,0.15093857248163187,0.031197756321853082
rock.00093.wav,rock,0.3434215188026428,0.28613075613975525,1939.722261206454,398.4075573186818,3748.5176528966067,926.202925363264,0.10572244971990585,0.02193734422326088,0.09832088650425368,0.02617571112838807
rock.00094.wav,rock,0.38928163051605225,0.27093032002449036,2628.9166256267,306.38151262691116,5085.982702834976,679.3939668668189,0.10190492123365402,0.019294865429401398,0.14664940122293116,0.031976327415563215
rock.00095.wav,rock,0.35197702050209045,0.2836880087852478,2008.174520929767,531.1266779466021,4253.6236473136605,1105.5365328960715,0.07944595068693161,0.018595855683088303,0.08922745069605569,0.03612101746314424
rock.00096.wav,rock,0.3988693356513977,0.2740749716758728,2006.8272650214387,426.77375451852936,4149.1717911651685,1022.8616747613765,0.0764232873916626,0.02427455224096775,0.09766418032192575,0.029453973462272364
rock.00097.wav,rock,0.4319802522659302,0.2742638885974884,2077.5658221710514,481.36918383761844,4031.530223589762,896.9330262961901,0.08159775286912918,0.01795240119099617,0.12182258434841454,0.041192473799511194
rock.00098.wav,rock,0.36263519525527954,0.3025417923927307,1398.6495042529389,490.3123565424469,3015.5976970345127,1154.520665772543,0.08380239456892014,0.03473913297057152,0.048724275546210366,0.028417206956476974
rock.00099.wav,rock,0.3583180904388428,0.29294538497924805,1609.7851807206855,649.8655324955525,3246.925584124855,1324.1713895896773,0.0544314980506897,0.018345922231674194,0.07630480230085074,0.04659717432841213
hiphop.00000.wav,hiphop,0.46079349517822266,0.29187795519828796,2668.0004395576575,646.9759461623978,5475.470551315981,1250.7024583919294,0.12520438432693481,0.049680113792419434,0.147308750845901,0.05376990088333853
hiphop.00001.wav,hiphop,0.45720741152763367,0.3001229763031006,2808.925771808581,969.1751988652825,5528.454221650232,1441.124684212152,0.28538304567337036,0.08297007530927658,0.09770647537219644,0.07165936104502389
hiphop.00002.wav,hiphop,0.40424495935440063,0.3036940097808838,1490.683575771141,795.9721712640176,3095.0940196309457,1845.8600796011385,0.09347894787788391,0.033537156879901886,0.05871157192575406,0.049811052666069396
hiphop.00003.wav,hiphop,0.46724435687065125,0.3030484914779663,2492.954722767297,703.7237315294674,5125.735027552204,1345.5650152971998,0.26632264256477356,0.11611923575401306,0.10350127489365817,0.04778517781257181
hiphop.00004.wav,hiphop,0.4493425786495209,0.3057953715324402,2372.6884690482993,1035.103714628166,5060.011295044229,2084.1681734288427,0.20046541094779968,0.1240294873714447,0.0998514386359242,0.07825579419844424
hiphop.00005.wav,hiphop,0.49074357748031616,0.28530630469322205,2709.1715224983186,498.04904623137486,5794.946345707656,702.0936978780732,0.26158612966537476,0.0734429806470871,0.12458309164733179,0.05111310731413429
hiphop.00006.wav,hiphop,0.464274525642395,0.2985142469406128,2858.1926146109095,982.7110018497535,6048.0988752537705,1500.9411122924078,0.2705450654029846,0.12672528624534607,0.12817024059841453,0.09665488936159111
hiphop.00007.wav,hiphop,0.432659387588501,0.29760539531707764,2047.1754195666026,705.4364965684734,4553.073396262326,1563.77359394349,0.2638739049434662,0.09720643609762192,0.07863669458139985,0.05050011279780793
hiphop.00008.wav,hiphop,0.4536116123199463,0.29669931530952454,3070.837758466109,945.5696801747408,5754.494566596578,1256.1802342892179,0.14181587100028992,0.08861150592565536,0.17704972387374324,0.10082143296644414
hiphop.00009.wav,hiphop,0.5605886578559875,0.2747044265270233,2200.1104645288874,990.9673047766861,4792.170223227233,1843.0773502802526,0.21565283834934235,0.09988116472959518,0.09830917983855375,0.08603044540078515
hiphop.00010.wav,hiphop,0.427253395318985,0.2950747609138489,2284.341189135125,491.07031366702466,4663.012638667344,810.6923513964464,0.17160548269748688,0.07665371149778366,0.12542634921210363,0.04901950362332947
hiphop.00011.wav,hiphop,0.4440467953681946,0.29190951585769653,2095.4936844516546,656.0109279180518,4581.942543684745,1310.6285147415322,0.20370934903621674,0.08127894997596741,0.09415142534319412,0.05849937726030152
hiphop.00012.wav,hiphop,0.3587992191314697,0.30094578862190247,1976.8724759558752,464.4918588118437,4277.396769866589,1030.66231182108,0.19884692132472992,0.06461892277002335,0.08725355580529776,0.033505757982663226
hiphop.00013.wav,hiphop,0.3403329849243164,0.3098830580711365,1798.6768468891007,696.2170711695189,3626.8209152044665,1698.219802104594,0.1366313397884369,0.03244362771511078,0.09662455288089714,0.03754333209735379
hiphop.00014.wav,hiphop,0.4897945523262024,0.2707590162754059,2436.5700963303734,515.6772914947163,4774.86705381743,942.7011266200498,0.1851305067539215,0.06126569211483002,0.1338294693783836,0.045157043152217656
hiphop.00015.wav,hiphop,0.4238453805446625,0.28724002838134766,2397.144331633838,535.2243005243309,5283.620203288138,976.4268384037222,0.14012908935546875,0.06378909200429916,0.11600965837683681,0.05019355317590363
hiphop.00016.wav,hiphop,0.4674127995967865,0.3016972541809082,2432.633895056764,776.6746126363718,4919.146176225348,1222.3577786291007,0.20773114264011383,0.10588569194078445,0.11039989970030936,0.07459266899776947
hiphop.00017.wav,hiphop,0.48113080859184265,0.2911752760410309,2145.045444983045,483.6414316121165,4956.067376015081,990.6909128241723,0.19137202203273773,0.07137160748243332,0.08037456798627224,0.042379140617856005
hiphop.00018.wav,hiphop,0.46168428659439087,0.3111300468444824,2677.2014312905194,1001.4425947967763,5366.388973227233,1332.9171063377603,0.16548869013786316,0.08454310894012451,0.14572457463263727,0.10307802215489517
hiphop.00019.wav,hiphop,0.43206802010536194,0.3034418225288391,2470.3099575217398,911.2803924485808,5255.716969076276,1903.8706156660471,0.2258465588092804,0.10862859338521957,0.10013617495649652,0.05665931799701098
hiphop.00020.wav,hiphop,0.4902496635913849,0.28711551427841187,2678.1366851461185,683.7100276279999,5267.091429814385,1022.275976484823,0.17585226893424988,0.07527808845043182,0.1080872667730085,0.07583870330118699
hiphop.00021.wav,hiphop,0.43007925152778625,0.29043227434158325,2405.830496426096,722.3579184145223,4987.576131090487,1151.7439314454184,0.24181975424289703,0.0732823833823204,0.11971916086620263,0.06388740174691601
hiphop.00022.wav,hiphop,0.43952953815460205,0.29433169960975647,2025.6497618309727,712.3330583866727,4603.509054161833,1466.266274850379,0.17348304390907288,0.07910357415676117,0.07539659162316319,0.05045244842883275
hiphop.00023.wav,hiphop,0.38104769587516785,0.287305623292923,2240.2899872227676,500.73247804987506,4728.4366050065255,956.9280827004989,0.1904764026403427,0.05567902699112892,0.10665716538573086,0.03604835229931065
hiphop.00024.wav,hiphop,0.4308684468269348,0.29202139377593994,2517.7936351466747,625.2193461689775,4926.498774198811,1245.4378694782163,0.1785447597503662,0.08742047101259232,0.13885955928557617,0.05588510611809847
hiphop.00025.wav,hiphop,0.5073395371437073,0.2808733582496643,2305.154160219727,708.4470628675684,4814.935798379495,1153.861548387494,0.25150632858276367,0.08562212437391281,0.10742489607501933,0.06770191317713657
hiphop.00026.wav,hiphop,0.4756115674972534,0.3000631034374237,3460.24289862119,1021.5392730197423,7021.890286786841,1316.2349203926283,0.16455323994159698,0.07931177318096161,0.17268506904625383,0.10812749230518369
hiphop.00027.wav,hiphop,0.4280005097389221,0.31044310331344604,2639.343177690068,1040.7884656622593,5633.429340662317,1806.7192533767247,0.13499675691127777,0.042364783585071564,0.10254357665639445,0.08603673052101674
hiphop.00028.wav,hiphop,0.37452632188796997,0.30432963371276855,2774.064292349821,928.2718610215107,5745.168508011891,1753.2504346348576,0.15451379120349884,0.03539543226361275,0.11452140129543696,0.06611570392085997
hiphop.00029.wav,hiphop,0.4394247531890869,0.3048103153705597,3127.2664007991543,964.83684424865,6389.138429974198,1506.3710521473542,0.1666378378868103,0.055373482406139374,0.11533292717889908,0.0777271730886799
hiphop.00030.wav,hiphop,0.5392330288887024,0.2576696574687958,3725.230349312218,525.4657691764157,7642.421897658062,633.3807981300768,0.1939087212085724,0.029480181634426117,0.172685781008314,0.04801867438059602
hiphop.00031.wav,hiphop,0.47984579205513,0.286488801240921,3084.823804546642,744.9798253617553,6779.025674825852,1469.9677101374848,0.21307457983493805,0.05987829715013504,0.13644361938854488,0.0803616944853105
hiphop.00032.wav,hiphop,0.4753303825855255,0.29700881242752075,2145.890945678912,975.1660857035462,4529.893202670785,2002.021185381441,0.1344866305589676,0.07220633327960968,0.07872191436531008,0.06621472635301993
hiphop.00033.wav,hiphop,0.4997163712978363,0.27997276186943054,2987.6879685185945,914.2033000707454,6169.817589393029,1622.344128595659,0.214060440659523,0.05553431808948517,0.15281550480769232,0.08802436292501786
hiphop.00034.wav,hiphop,0.47114071249961853,0.28594982624053955,3191.9170162946484,507.9133819744733,6355.537277747845,869.3656087086298,0.2274475395679474,0.052990514785051346,0.1693078753591954,0.056913537081424756
hiphop.00035.wav,hiphop,0.5295126438140869,0.2920050024986267,2827.4503871683432,1051.5775187416575,6197.057852909483,1714.6703915513567,0.1919010728597641,0.09200764447450638,0.103432186901341,0.0946060914924631
hiphop.00036.wav,hiphop,0.5177562236785889,0.2818922698497772,2967.147962166956,1204.463308110392,5804.4461891867895,1903.2989455335016,0.08996205031871796,0.06387290358543396,0.12188535748106061,0.10067705266522396
hiphop.00037.wav,hiphop,0.40916329622268677,0.31305769085884094,3785.438539628473,1317.2488526495774,7074.1874001242895,2011.077881549132,0.15857546031475067,0.13022273778915405,0.21422600023674243,0.12122434224622954
hiphop.00038.wav,hiphop,0.3983515501022339,0.30844488739967346,2208.65791984026,859.7835181857521,4416.6801868785515,1821.5385198562342,0.26985010504722595,0.13799194991588593,0.09738436612215909,0.05132113369328526
hiphop.00039.wav,hiphop,0.3927870988845825,0.31872260570526123,2693.217660121341,1249.8457298627952,5976.55684037642,2339.7068270362415,0.18449507653713226,0.09517242759466171,0.11156375769412878,0.10496262173978997
hiphop.00040.wav,hiphop,0.3457697629928589,0.3069301247596741,2457.2400884546137,1448.8307192037723,5319.8186146129265,2874.5513581409236,0.13083651661872864,0.10354522615671158,0.10350008877840909,0.11644670301687621
hiphop.00041.wav,hiphop,0.4254281520843506,0.302593469619751,2702.6536727978196,838.1176934296899,5555.2972412109375,1571.2675433799322,0.18691296875476837,0.10686972737312317,0.11936627012310606,0.06715995931954685
hiphop.00042.wav,hiphop,0.44941142201423645,0.30072149634361267,2896.950312515822,991.4331475261504,6007.0540549538355,1579.5167839410635,0.24915486574172974,0.09081991016864777,0.10171046401515152,0.07521490411595938
hiphop.00043.wav,hiphop,0.4446573555469513,0.2993648946285248,1846.32383638541,956.6925490337728,3875.1690673828125,2217.4207656007616,0.13636371493339539,0.08918783068656921,0.061756110913825754,0.03941950854489474
hiphop.00044.wav,hiphop,0.3543635904788971,0.2993119955062866,2507.355264123504,1087.6143734001273,4457.421985973011,2012.3591505664049,0.03917303308844566,0.032842498272657394,0.1407455906723485,0.0933106439379873
hiphop.00045.wav,hiphop,0.3927870988845825,0.31872260570526123,2693.217660121341,1249.8457298627952,5976.55684037642,2339.7068270362415,0.18449507653713226,0.09517242759466171,0.11156375769412878,0.10496262173978997
hiphop.00046.wav,hiphop,0.49239304661750793,0.28817570209503174,2306.8910596071332,950.3314420714186,5000.432768996519,1927.8863045695664,0.22798368334770203,0.13398140668869019,0.09147097653228925,0.06353049917881837
hiphop.00047.wav,hiphop,0.44941630959510803,0.30809909105300903,3235.5558089909523,1133.4749052209675,7337.784528621664,1633.1893585784842,0.24700374901294708,0.12088747322559357,0.10929758495262955,0.09606759044043267
hiphop.00048.wav,hiphop,0.4165361523628235,0.29828575253486633,2345.299206046104,926.1070339516672,5395.29142800174,1910.4336482492015,0.23028026521205902,0.11143673956394196,0.07751058886794276,0.048889059302779245
hiphop.00049.wav,hiphop,0.48404431343078613,0.29175448417663574,3085.556031555025,792.4863327673035,6683.5781725819315,1186.8454387979746,0.2887090742588043,0.07715600728988647,0.10873717553654293,0.05843932174833994
hiphop.00050.wav,hiphop,0.42697060108184814,0.3097411096096039,1683.4272327515525,805.5348845884266,3618.5440382105567,2192.449117248889,0.2736722528934479,0.10284620523452759,0.04243024337780356,0.03100158934275533
hiphop.00051.wav,hiphop,0.39349403977394104,0.30581650137901306,2500.467553526264,1115.729408912174,5294.528361097013,1915.9649314949663,0.24395056068897247,0.08709494769573212,0.09950325973994587,0.0866613397694424
hiphop.00052.wav,hiphop,0.4612351655960083,0.29940059781074524,2595.994967867747,1171.7208188720292,5859.520974568591,2127.4198745001645,0.1099744439125061,0.040225863456726074,0.08233033642691415,0.06505187097822487
hiphop.00053.wav,hiphop,0.5067461133003235,0.2899288237094879,3079.2339737601815,1147.2115857340193,7003.6118651210845,2136.2633255053775,0.10891520977020264,0.03739705681800842,0.10707709481341841,0.07017391101333255
hiphop.00054.wav,hiphop,0.4470779597759247,0.30289703607559204,3258.307248271105,915.1346241109276,7619.44815155525,1314.563415865876,0.12414033710956573,0.04309026151895523,0.1262363749516628,0.07739314596591686
hiphop.00055.wav,hiphop,0.39055606722831726,0.31199535727500916,1735.1780888053472,724.595750664848,3552.329022259281,1382.6469677758091,0.1337241381406784,0.0700412392616272,0.0724604843387471,0.05482722505777925
hiphop.00056.wav,hiphop,0.49160701036453247,0.2946496605873108,2355.838782301562,595.9212358121489,5177.219867042489,1121.763599207986,0.16656048595905304,0.041814401745796204,0.07014558560518175,0.03324576171934772
hiphop.00057.wav,hiphop,0.4006756544113159,0.31126123666763306,1811.510320100113,642.7394937666614,3890.7900073412125,1325.1242224686885,0.2247038036584854,0.06415780633687973,0.051442110160479504,0.03852605817337673
hiphop.00058.wav,hiphop,0.5062040686607361,0.2847580313682556,2677.746993460678,982.3104774922257,5211.751264319895,1414.624155575255,0.13038359582424164,0.06641263514757156,0.13613681542440062,0.09677920438461136
hiphop.00059.wav,hiphop,0.49971136450767517,0.27958613634109497,1949.4353476261645,808.4374703865801,4219.933260676479,1737.0082775052638,0.15123578906059265,0.05191580578684807,0.06298488254060325,0.044138665889119126
hiphop.00060.wav,hiphop,0.439607709646225,0.321512371301651,1717.3394378748421,588.0645014271219,3685.6916600203017,1185.268481008839,0.18021424114704132,0.0627075582742691,0.053872942647911835,0.046785920829148724
hiphop.00061.wav,hiphop,0.47355225682258606,0.28079235553741455,1811.681664691942,570.5215710508459,3806.439138177929,1234.5552939523207,0.15556879341602325,0.05664321407675743,0.0673042645494973,0.03846521411106616
hiphop.00062.wav,hiphop,0.4718650281429291,0.30779823660850525,2448.908553270967,1319.1634051533829,4929.937758301914,2408.1028392026296,0.19083651900291443,0.14560875296592712,0.1095162352571539,0.09894712026808745
hiphop.00063.wav,hiphop,0.44560667872428894,0.3031296133995056,2671.1443441180336,1115.6163763573259,5320.449807859629,1886.8275993064562,0.18605242669582367,0.13191665709018707,0.1221979529195669,0.08561977234291344
hiphop.00064.wav,hiphop,0.40821313858032227,0.3200738728046417,2429.7567970045075,814.8904651118124,5273.794534422129,1322.0910055166585,0.23593708872795105,0.11898811906576157,0.07979187814191802,0.06009028922770978
hiphop.00065.wav,hiphop,0.4175876975059509,0.3178600072860718,2447.017199907088,1384.5846594965103,5314.679309110354,2565.7100114262203,0.20691244304180145,0.13697361946105957,0.0885514851604795,0.09530743000483881
hiphop.00066.wav,hiphop,0.40981027483940125,0.30708256363868713,2245.0676185562293,868.1121161333616,4816.043267836427,1653.6303207881447,0.18972842395305634,0.12279179692268372,0.07937459215487239,0.059274883855656615
hiphop.00067.wav,hiphop,0.498336523771286,0.2923334538936615,3053.843913876604,1070.7041766796672,6668.173522241154,1866.2659169305507,0.21794207394123077,0.13905951380729675,0.12687080070572312,0.09865254962852485
hiphop.00068.wav,hiphop,0.42210543155670166,0.2977208197116852,2544.7011695771357,849.1662495627145,5683.4499845925175,1568.6946227024282,0.2287188619375229,0.10945246368646622,0.0956740471529389,0.05485363002406183
hiphop.00069.wav,hiphop,0.489504337310791,0.298464834690094,3297.9029244411563,998.7972439990737,7079.552627882105,1204.6047274332686,0.27175092697143555,0.08284340798854828,0.12088227474864656,0.08408429148117752
hiphop.00070.wav,hiphop,0.4309188723564148,0.29856520891189575,2500.4618224971823,1114.9569889239385,6026.957033515806,2499.016185701919,0.2787717282772064,0.0746413916349411,0.06922378008990719,0.05538047004328007
hiphop.00071.wav,hiphop,0.4037577509880066,0.3155544400215149,3185.160631320678,1155.8437079518358,7471.421952037413,1506.8210745279723,0.24696117639541626,0.09063152223825455,0.1075113743474478,0.09978959121770888
hiphop.00072.wav,hiphop,0.4379986524581909,0.30775681138038635,1821.46331961173,863.2332774006611,4003.2772621809745,2190.248400596251,0.25277790427207947,0.11684336513280869,0.051527455529775716,0.043239041828619915
hiphop.00073.wav,hiphop,0.4225294888019562,0.3024042546749115,2566.9254687003345,1200.8406423854963,5932.106021606729,2151.910868060872,0.300260066986084,0.11815931648015976,0.08562104239172467,0.09633430266588819
hiphop.00074.wav,hiphop,0.47391679883003235,0.28983455896377563,2774.785858823798,852.3757901797861,5968.685821037558,1245.7374695908454,0.20822197198867798,0.10174480825662613,0.11074241408062645,0.06855857621650953
hiphop.00075.wav,hiphop,0.4511270821094513,0.3110271692276001,3140.9185615259057,1334.9459378381357,6336.75704212587,1830.9712293612104,0.19159333407878876,0.12249771505594254,0.14681442744586234,0.1298894374165039
hiphop.00076.wav,hiphop,0.42490169405937195,0.31291264295578003,2328.52633694279,1136.9840128869075,4935.3418761782195,2412.5241372523683,0.2371012568473816,0.1664462387561798,0.09665249782482599,0.0907016801486296
hiphop.00077.wav,hiphop,0.4611206352710724,0.29553160071372986,2987.5950110584854,973.081523559745,6404.82061611804,1892.5842331088356,0.23840558528900146,0.0848492980003357,0.1376235619682908,0.07938284300098632
hiphop.00078.wav,hiphop,0.42490169405937195,0.31291264295578003,2328.52633694279,1136.9840128869075,4935.3418761782195,2412.5241372523683,0.2371012568473816,0.1664462387561798,0.09665249782482599,0.0907016801486296
hiphop.00079.wav,hiphop,0.4274080991744995,0.3024815022945404,3212.057081839573,1188.319385820112,6310.635751250725,2323.4646122260788,0.15472176671028137,0.0687209814786911,0.17229266362142304,0.09909341184737541
hiphop.00080.wav,hiphop,0.4037266671657562,0.31230247020721436,3377.550728575826,905.2109078535335,6893.697603230134,1500.1023503010515,0.14131808280944824,0.025490092113614082,0.15493130075406034,0.08521634789324108
hiphop.00081.wav,hiphop,0.5207126140594482,0.2934858500957489,1470.2938674326106,596.0787200484168,3279.0005641857597,1626.868629653893,0.08635041862726212,0.05821797996759415,0.05182163270978345,0.03408489095586826
hiphop.00082.wav,hiphop,0.5036309957504272,0.28833675384521484,2290.9396470333063,619.1208546194598,4820.264974713602,940.8207057922941,0.1022416278719902,0.046151548624038696,0.11330995021268368,0.06973221675432668
hiphop.00083.wav,hiphop,0.44784292578697205,0.292153924703598,2367.639173778173,559.9351788451287,5016.46193218895,1028.7099844067739,0.11062056571245193,0.05202511325478554,0.11083682267498067,0.05947786884946539
hiphop.00084.wav,hiphop,0.5132845640182495,0.2887023985385895,2044.2141770246926,767.6249323478331,4074.2718831569027,1371.5535894797479,0.0658654049038887,0.04480036720633507,0.10510961970707657,0.07074226350826537
hiphop.00085.wav,hiphop,0.47660088539123535,0.2971469461917877,2607.8596297145214,551.9598792238559,5534.641062300609,804.924687856008,0.106190524995327,0.04411850497126579,0.12721671379543698,0.0684682024424986
hiphop.00086.wav,hiphop,0.47974592447280884,0.3004235327243805,2083.4389005825383,665.8217103894325,4479.439167633411,1324.6958104313107,0.07905618846416473,0.04244816675782204,0.07984399168600155,0.05419795945550438
hiphop.00087.wav,hiphop,0.5838063955307007,0.2673400640487671,2473.246187433862,714.6186646524602,5509.702182424594,1060.146999398546,0.10802321881055832,0.05234610661864281,0.08777506888051044,0.07458034545965328
hiphop.00088.wav,hiphop,0.46022409200668335,0.292510986328125,2694.7841274938905,524.6563603622394,5599.723628280887,833.3949382502295,0.11853865534067154,0.041957322508096695,0.14988572783739365,0.05603801019603268
hiphop.00089.wav,hiphop,0.4984116554260254,0.29509153962135315,2669.9475361239274,581.5008489120783,5526.430800010876,967.483229304734,0.12068817019462585,0.044209666550159454,0.11757230943058777,0.058763025456564054
hiphop.00090.wav,hiphop,0.48257020115852356,0.2936641573905945,2272.5405031296214,471.5456727480613,4964.2193504386605,975.9863359817441,0.10914599150419235,0.042247574776411057,0.10443931868716164,0.047956085515338365
hiphop.00091.wav,hiphop,0.5335999727249146,0.2714507579803467,2629.0449785113356,510.58566427792437,5411.5703963348315,801.5182999749399,0.11357390135526657,0.0433463379740715,0.1385510319992266,0.0643071654032183
hiphop.00092.wav,hiphop,0.47790586948394775,0.28631478548049927,2330.136830188641,526.4397239069599,5836.389018543358,1076.355773347746,0.1225821003317833,0.03984367102384567,0.07259227873646558,0.039152420588340085
hiphop.00093.wav,hiphop,0.4766429662704468,0.2823839783668518,3185.5488967360493,652.76157404626,6278.469175971578,551.219311051718,0.06721186637878418,0.044216468930244446,0.15213151947989173,0.07452095988468649
hiphop.00094.wav,hiphop,0.4590272307395935,0.2988329529762268,1929.8045739109684,557.3323185040194,4412.4081215559745,1411.9468031207525,0.11072535067796707,0.036489441990852356,0.05418184756863882,0.031058395587330492
hiphop.00095.wav,hiphop,0.5625076293945312,0.2607792019844055,2735.6851447731715,529.0822060268512,5419.747351272476,813.4503391953201,0.10344427824020386,0.04233510419726372,0.1575562373114849,0.053790987098722896
hiphop.00096.wav,hiphop,0.4249074459075928,0.29583433270454407,1752.518630056562,402.8258473783514,3490.593845163863,852.5828740590358,0.11077146977186203,0.0371176041662693,0.08311732646945089,0.03024742119195659
hiphop.00097.wav,hiphop,0.4740149974822998,0.2911433279514313,2582.0374965474734,588.972646244571,5731.720664606293,786.1810807297586,0.11845380067825317,0.04177052155137062,0.11600512676430781,0.06467082586203919
hiphop.00098.wav,hiphop,0.5334904789924622,0.2755415439605713,2538.6441653895045,552.9149129832641,5353.532335321201,793.3406459834051,0.11897815018892288,0.046440478414297104,0.10070602523201856,0.06005504571063417
hiphop.00099.wav,hiphop,0.43089398741722107,0.3082968592643738,1963.064381362766,821.9148770781544,3798.4537005147913,1474.3238244553727,0.1536368578672409,0.12211150676012039,0.10151491806844548,0.06607169190906619
